,,Overall,Overall,Overall,Overall,Overall,Overall,,Conf.,Conf.,,Home,Home,,Away,Away,,Points,Points,,Opponent,Opponent,Opponent,Opponent,Opponent,Opponent,Opponent,Opponent,Opponent,Opponent,Opponent,Opponent,Opponent,Opponent,Opponent,Opponent,Opponent
Rk,School,G,W,L,W-L%,SRS,SOS,,W,L,,W,L,,W,L,,Tm.,Opp.,,MP,FG,FGA,FG%,3P,3PA,3P%,FT,FTA,FT%,ORB,TRB,AST,STL,BLK,TOV,PF
1,Abilene Christian,30,14,16,.467,-3.76,-5.42,,10,10,,11,4,,3,10,,2098,1984,,1215,727,1726,.421,200,653,.306,330,453,.728,291,1005,390,260,109,479,534
2,Air Force,32,15,17,.469,-3.45,0.25,,8,10,,10,6,,5,8,,2025,2121,,1285,756,1711,.442,137,438,.313,472,622,.759,351,1236,334,255,119,614,464
3,Akron,29,11,18,.379,-9.42,-5.63,,6,12,,5,8,,5,9,,1807,1917,,1190,715,1686,.424,173,557,.311,314,455,.690,318,1052,402,226,96,434,486
4,Alabama NCAA,34,24,10,.706,21.78,10.84,,10,6,,15,3,,6,5,,2487,2115,,1360,792,2024,.391,158,541,.292,373,536,.696,429,1225,415,252,146,580,609
5,Alabama A&M,31,15,16,.484,-12.23,-11.10,,10,8,,10,4,,4,10,,1914,1918,,1250,682,1726,.395,144,441,.327,410,575,.713,346,1115,343,268,102,538,552
6,Alabama State,29,3,26,.103,-27.67,-3.64,,3,15,,1,9,,2,17,,1431,2128,,1160,748,1760,.425,138,453,.305,492,701,.702,427,1211,432,355,117,437,463
7,Albany (NY),32,25,7,.781,-3.26,-10.26,,13,3,,14,2,,11,5,,1949,1641,,1280,618,1652,.374,146,528,.277,259,370,.700,299,910,313,241,106,487,516
8,Alcorn State,32,12,20,.375,-16.11,-5.89,,8,10,,7,5,,3,14,,1731,2015,,1280,666,1787,.373,176,597,.295,507,764,.664,384,1170,374,313,86,465,563
9,American,30,10,20,.333,-14.33,-9.09,,8,10,,5,10,,5,10,,1823,1980,,1210,719,1686,.426,158,521,.303,384,536,.716,314,1090,373,251,93,498,500
10,Appalachian State,32,17,15,.531,-2.73,-1.48,,9,9,,10,3,,4,11,,2310,2350,,1285,865,2041,.424,184,551,.334,436,614,.710,422,1314,400,262,108,573,636
11,Arizona NCAA,34,18,16,.529,21.25,17.17,,8,10,,10,5,,4,7,,2376,2237,,1400,810,1908,.425,206,652,.316,411,604,.680,405,1217,457,248,116,669,563
12,Arizona State,31,11,20,.355,7.78,16.42,,3,15,,7,9,,1,9,,1905,2173,,1250,796,1858,.428,195,604,.323,386,549,.703,430,1300,492,165,151,464,489
13,Arkansas,33,18,15,.545,12.72,12.09,,6,10,,11,6,,4,7,,2292,2271,,1320,858,2146,.400,211,656,.322,344,476,.723,402,1439,462,209,109,485,597
14,Arkansas State,30,13,17,.433,-2.46,-2.25,,6,12,,10,7,,3,9,,1990,1916,,1210,715,1764,.405,191,633,.302,295,404,.730,338,1082,400,160,71,451,494
15,Arkansas-Pine Bluff,33,17,16,.515,-4.93,-6.12,,11,7,,8,4,,8,8,,2409,2237,,1327,766,2013,.381,173,594,.291,532,775,.686,416,1285,462,266,103,614,644
16,Army,29,12,17,.414,-15.32,-9.81,,9,9,,7,9,,5,8,,1717,1806,,1160,678,1531,.443,135,433,.312,315,436,.722,242,958,396,215,138,466,398
17,Auburn NCAA,32,20,12,.625,19.91,12.35,,8,8,,14,3,,5,7,,2124,1882,,1280,652,1717,.380,126,446,.283,452,622,.727,342,1165,290,241,109,656,592
18,Austin Peay,33,17,16,.515,-4.52,-5.98,,8,8,,9,8,,6,8,,2055,1986,,1335,701,1811,.387,172,530,.325,412,588,.701,334,1062,348,265,93,502,569
19,Ball State,34,28,6,.824,8.95,-2.05,,16,2,,13,2,,12,3,,2472,2072,,1370,773,1870,.413,195,604,.323,331,478,.692,326,1183,429,231,78,657,579
20,Baylor NCAA,34,26,8,.765,28.24,13.86,,12,6,,14,2,,7,4,,2544,2055,,1360,775,1956,.396,156,594,.263,349,507,.688,303,1121,396,254,111,624,581
21,Bellarmine,29,10,19,.345,-15.69,-4.47,,5,11,,6,7,,4,12,,1948,2175,,1165,757,1748,.433,193,634,.304,468,638,.734,347,1155,354,218,88,497,538
22,Belmont,35,26,9,.743,11.11,2.85,,17,3,,13,2,,11,5,,2470,2181,,1400,817,2074,.394,194,665,.292,353,492,.717,387,1243,426,225,80,503,607
23,Bethune-Cookman,31,15,16,.484,-10.60,-10.07,,6,12,,9,5,,4,10,,2058,1886,,1255,670,1786,.375,135,528,.256,411,593,.693,391,1196,386,252,104,637,597
24,Binghamton,31,14,17,.452,-8.57,-9.40,,8,8,,8,7,,6,8,,1920,1869,,1240,696,1722,.404,131,432,.303,346,541,.640,369,1114,287,196,78,461,439
25,Boise State,35,21,14,.600,1.53,-1.96,,10,8,,13,3,,5,9,,2241,2063,,1405,768,2081,.369,204,695,.294,323,453,.713,341,1225,404,259,137,487,596
26,Boston College,33,14,19,.424,12.09,10.79,,5,13,,11,6,,2,10,,2342,2299,,1326,855,1900,.450,170,560,.304,419,564,.743,402,1234,454,252,107,683,593
27,Boston University,32,20,12,.625,-8.98,-8.98,,10,8,,15,2,,5,10,,2004,1971,,1300,731,1927,.379,200,630,.317,309,423,.730,405,1101,427,245,86,431,562
28,Bowling Green State,31,16,15,.516,-3.35,-0.74,,10,8,,8,5,,6,9,,2088,2169,,1240,794,1841,.431,217,606,.358,364,492,.740,341,1072,442,196,96,407,533
29,Bradley,32,6,26,.188,-17.27,-1.50,,2,18,,4,11,,1,13,,1925,2408,,1285,906,2011,.451,199,609,.327,397,543,.731,389,1266,543,284,97,400,473
30,Brigham Young,33,16,17,.485,10.77,11.10,,6,12,,10,5,,3,11,,2158,2169,,1325,770,1968,.391,220,647,.340,409,560,.730,327,1110,402,254,111,404,560
31,Brown,27,16,11,.593,-1.41,-0.68,,7,7,,7,5,,9,6,,1704,1668,,1080,634,1610,.394,141,458,.308,259,370,.700,354,1068,335,204,103,447,423
32,Bryant,30,15,15,.500,-13.21,-9.07,,8,8,,10,5,,5,9,,1817,1830,,1205,687,1724,.398,165,555,.297,291,404,.720,313,1061,380,236,85,422,508
33,Bucknell,31,13,18,.419,-12.18,-6.89,,9,9,,8,7,,5,11,,1734,1898,,1245,724,1827,.396,168,573,.293,282,404,.698,346,1118,418,274,106,402,491
34,Buffalo,33,19,14,.576,-3.98,-5.14,,10,8,,12,6,,5,7,,2175,2098,,1325,760,1965,.387,213,786,.271,365,527,.693,408,1274,474,227,101,492,533
35,Butler,32,15,17,.469,4.72,5.95,,6,12,,9,9,,5,7,,2001,1985,,1280,774,1819,.426,184,565,.326,253,358,.707,307,1044,444,229,111,414,432
36,Cal Poly,31,17,14,.548,-2.38,-2.19,,13,6,,8,4,,9,9,,1878,1884,,1250,648,1633,.397,178,550,.324,410,582,.704,311,996,339,265,128,548,540
37,Cal State Bakersfield,29,8,21,.276,-14.10,-5.25,,5,15,,5,8,,3,12,,1703,1943,,1165,700,1671,.419,201,637,.316,342,483,.708,359,1211,391,192,74,459,424
38,Cal State Fullerton,31,10,21,.323,-9.35,-2.93,,6,14,,4,9,,5,10,,1828,2027,,1240,748,1778,.421,215,630,.341,316,433,.730,340,1116,412,300,90,501,449
39,Cal State Northridge,30,3,27,.100,-18.34,-3.52,,1,19,,2,14,,1,13,,1655,2089,,1210,751,1888,.398,236,769,.307,351,509,.690,415,1318,483,314,93,493,462
40,California,34,19,15,.559,15.73,14.88,,7,11,,13,8,,5,6,,2250,2221,,1370,839,1981,.424,183,533,.343,360,512,.703,384,1196,445,219,92,465,531
41,California Baptist NCAA,32,28,4,.875,3.33,-5.67,,18,2,,14,0,,12,4,,2569,2281,,1305,804,2117,.380,268,920,.291,405,584,.693,378,1346,510,220,106,535,567
42,Campbell,31,17,14,.548,-5.88,-7.09,,9,9,,9,4,,5,9,,1884,1707,,1245,643,1733,.371,131,494,.265,290,418,.694,290,972,297,231,81,409,478
43,Canisius,31,17,14,.548,-11.80,-10.37,,11,9,,8,5,,8,8,,1880,1915,,1245,706,1739,.406,172,613,.281,331,454,.729,299,1023,384,242,111,416,507
44,Central Arkansas,33,21,12,.636,-1.83,-5.80,,11,5,,14,1,,7,10,,2168,1948,,1330,694,1891,.367,167,587,.284,393,585,.672,359,1170,326,224,83,490,504
45,Central Connecticut State,30,9,21,.300,-21.53,-13.27,,7,9,,6,6,,3,15,,1736,1984,,1205,720,1749,.412,164,534,.307,380,518,.734,405,1227,346,218,91,476,438
46,Central Michigan,28,6,22,.214,-16.59,-5.18,,4,13,,3,9,,3,13,,1722,2007,,1130,729,1801,.405,195,589,.331,354,485,.730,338,1025,392,294,75,368,476
47,Charleston Southern,30,11,19,.367,-17.49,-11.28,,8,8,,8,6,,3,12,,1831,1998,,1205,736,1838,.400,182,570,.319,344,485,.709,362,1096,376,277,72,478,480
48,Charlotte,31,16,15,.516,3.65,2.13,,9,9,,10,4,,5,8,,2000,1953,,1270,704,1822,.386,184,631,.292,361,511,.706,359,1100,418,259,109,561,616
49,Chattanooga NCAA,33,28,5,.848,2.80,-5.36,,13,1,,12,2,,11,1,,2120,1798,,1320,644,1712,.376,124,463,.268,386,552,.699,290,1037,271,163,118,432,482
50,Chicago State,27,1,26,.037,-31.63,-4.05,,,,,1,10,,0,12,,1592,2241,,1095,818,1830,.447,178,565,.315,427,631,.677,429,1180,481,308,64,416,443
51,Cincinnati,32,14,18,.438,9.89,13.48,,5,13,,8,8,,4,7,,1997,2112,,1280,748,1844,.406,206,713,.289,410,563,.728,333,1108,439,218,121,470,618
52,Clemson,31,12,19,.387,10.54,11.18,,5,13,,9,7,,2,9,,2158,2178,,1254,832,1933,.430,220,686,.321,294,416,.707,365,1093,499,280,90,464,554
53,Cleveland State,35,29,6,.829,8.62,-4.33,,18,2,,17,0,,9,4,,2602,2149,,1400,786,2037,.386,235,774,.304,342,473,.723,362,1157,492,255,125,595,686
54,Coastal Carolina,33,12,21,.364,-6.27,-0.58,,5,13,,5,7,,5,12,,2197,2355,,1325,831,2067,.402,241,738,.327,452,672,.673,479,1286,433,304,109,543,697
55,Colgate,34,20,14,.588,-5.54,-9.57,,10,8,,12,6,,8,7,,2102,1894,,1365,743,1811,.410,96,395,.243,312,465,.671,279,1023,376,237,68,476,564
56,College of Charleston,32,22,10,.688,-0.63,-8.70,,13,5,,13,2,,9,7,,2411,2010,,1285,732,1880,.389,195,676,.288,351,529,.664,382,1287,425,169,123,648,556
57,Colorado NCAA,34,24,10,.706,28.61,17.67,,11,7,,11,3,,8,4,,2557,2185,,1370,779,1904,.409,215,629,.342,412,541,.762,292,1108,391,220,150,576,504
58,Colorado State,31,20,11,.645,5.40,-1.03,,10,8,,13,2,,5,9,,2127,1898,,1245,702,1894,.371,210,692,.303,284,406,.700,339,1255,389,158,41,410,424
59,Columbia NCAA,30,23,7,.767,14.39,2.19,,13,1,,15,2,,8,2,,2272,1906,,1200,703,1762,.399,163,515,.317,337,455,.741,318,956,398,180,85,448,485
60,Connecticut NCAA,39,33,6,.846,37.65,16.62,,18,0,,15,1,,11,3,,3107,2231,,1560,820,2301,.356,248,881,.281,343,479,.716,423,1288,458,213,92,664,639
61,Coppin State,30,12,18,.400,-11.08,-6.54,,8,6,,5,7,,6,10,,1658,1794,,1200,682,1705,.400,138,469,.294,292,418,.699,365,1161,341,231,99,496,493
62,Cornell,26,7,19,.269,-11.40,0.03,,1,13,,3,8,,4,11,,1455,1752,,1040,639,1492,.428,155,494,.314,319,450,.709,297,972,388,212,89,397,472
63,Creighton NCAA,32,26,6,.813,23.13,12.53,,15,3,,11,2,,10,3,,2350,2011,,1280,752,1861,.404,164,539,.304,343,481,.713,314,1099,424,181,70,400,485
64,Dartmouth,26,7,19,.269,-16.79,-3.29,,1,13,,4,9,,3,10,,1261,1519,,1040,608,1513,.402,159,489,.325,144,217,.664,298,951,345,195,61,325,352
65,Davidson,26,18,8,.692,8.52,-1.06,,8,7,,11,4,,7,4,,1689,1440,,1040,516,1367,.377,107,361,.296,301,411,.732,271,840,204,162,58,405,420
66,Dayton,31,12,19,.387,-8.26,0.50,,4,13,,7,7,,2,11,,1967,2135,,1245,782,1788,.437,193,535,.361,378,557,.679,303,1002,407,237,117,441,488
67,Delaware,31,11,20,.355,-4.73,-5.69,,7,11,,4,9,,6,7,,2090,2060,,1245,759,1885,.403,203,602,.337,339,502,.675,340,1132,445,243,110,522,533
68,Delaware State,28,8,20,.286,-25.10,-6.71,,4,10,,5,7,,3,12,,1611,1982,,1130,762,1726,.441,187,582,.321,271,401,.676,365,1091,449,265,91,484,454
69,Denver,30,8,22,.267,-9.82,-3.58,,5,11,,5,10,,3,11,,1931,2090,,1200,778,1738,.448,160,477,.335,374,480,.779,291,1089,382,172,67,392,526
70,DePaul,32,12,20,.375,7.58,7.74,,4,14,,9,8,,2,9,,2279,2284,,1290,837,1926,.435,225,629,.358,385,532,.724,324,1227,492,220,101,558,454
71,Detroit Mercy,33,17,16,.515,-9.19,-5.98,,9,11,,10,3,,6,13,,1988,2094,,1325,740,1927,.384,199,648,.307,415,575,.722,341,1089,371,307,90,444,561
72,Drake NCAA,35,29,6,.829,13.00,1.77,,19,1,,15,2,,11,3,,2843,2450,,1415,939,2261,.415,260,764,.340,312,422,.739,332,1087,506,296,120,534,654
73,Drexel NCAA,34,19,15,.559,-2.47,-3.10,,10,8,,9,6,,6,8,,1945,1900,,1368,714,1785,.400,158,512,.309,314,440,.714,360,1151,395,227,112,550,450
74,Duke NCAA,34,22,12,.647,27.57,17.25,,11,7,,14,3,,6,7,,2318,1967,,1375,700,1894,.370,167,528,.316,400,580,.690,368,1076,331,281,98,576,516
75,Duquesne,34,21,13,.618,2.65,0.62,,13,5,,11,3,,8,7,,2346,2277,,1380,809,2075,.390,243,709,.343,416,558,.746,370,1238,454,215,116,458,557
76,East Carolina,33,19,14,.576,6.51,3.69,,9,9,,10,6,,6,5,,2166,2073,,1341,738,1911,.386,194,620,.313,403,593,.680,477,1287,473,298,81,697,604
77,East Tennessee State,30,18,12,.600,-5.47,-7.86,,7,7,,12,3,,5,8,,1783,1669,,1200,611,1627,.376,176,555,.317,271,408,.664,326,1034,287,187,70,443,496
78,Eastern Illinois,33,15,18,.455,-10.32,-8.20,,11,7,,8,4,,6,11,,2167,2237,,1350,844,2055,.411,207,614,.337,342,479,.714,384,1211,483,314,90,480,508
79,Eastern Kentucky,34,22,12,.647,-4.16,-6.90,,9,7,,11,3,,10,8,,2444,2177,,1360,776,1918,.405,183,590,.310,442,615,.719,314,1198,393,252,120,626,657
80,Eastern Michigan,29,7,22,.241,-16.22,-4.72,,3,15,,5,8,,2,14,,1661,1958,,1170,710,1684,.422,193,569,.339,345,484,.713,327,1082,405,252,74,457,459
81,Eastern Washington NCAA,35,29,6,.829,7.39,-3.31,,16,2,,12,2,,12,4,,2392,1965,,1405,715,1931,.370,163,572,.285,372,494,.753,349,1257,356,237,100,597,485
82,Elon,32,11,21,.344,-13.82,-4.76,,7,11,,2,11,,9,8,,1698,1963,,1280,700,1787,.392,176,602,.292,387,531,.729,383,1240,401,243,105,534,462
83,Evansville,32,4,28,.125,-19.89,-1.64,,2,18,,2,13,,2,14,,2011,2595,,1300,961,2049,.469,186,614,.303,487,664,.733,357,1319,511,335,144,473,641
84,Fairfield NCAA,33,31,2,.939,5.03,-10.10,,20,0,,13,0,,15,2,,2391,1820,,1330,634,1755,.361,162,576,.281,390,569,.685,328,1042,339,255,70,629,555
85,FDU,31,14,17,.452,-17.79,-13.52,,11,5,,9,6,,5,11,,1811,1891,,1245,693,1756,.395,151,498,.303,354,458,.773,338,1072,372,224,79,413,493
86,Florida,32,16,16,.500,15.36,12.01,,5,11,,8,6,,3,9,,2389,2282,,1285,798,1948,.410,184,557,.330,502,700,.717,428,1271,383,217,110,570,569
87,Florida A&M,30,9,21,.300,-16.65,-6.45,,8,10,,7,5,,2,15,,1795,2101,,1220,723,1745,.414,163,518,.315,492,695,.708,429,1167,399,266,105,555,558
88,Florida Atlantic,30,11,19,.367,-4.65,0.73,,6,12,,6,8,,5,9,,1831,1969,,1205,745,1865,.399,188,575,.327,291,411,.708,417,1155,419,239,108,413,512
89,Florida Gulf Coast NCAA,34,29,5,.853,14.08,-2.61,,16,0,,18,0,,9,3,,2546,1871,,1360,696,1730,.402,146,484,.302,333,495,.673,279,1031,280,185,93,630,643
90,Florida International,33,21,12,.636,-3.05,-5.02,,11,5,,14,6,,7,5,,2263,2117,,1320,764,1909,.400,176,597,.295,413,639,.646,380,1176,360,281,114,610,627
91,Florida State NCAA,34,23,11,.676,19.85,12.79,,12,6,,13,3,,7,4,,2670,2430,,1380,944,2393,.394,219,711,.308,323,457,.707,482,1505,492,182,118,501,593
92,Fordham,29,12,17,.414,-2.91,-0.69,,7,10,,10,6,,2,10,,1811,1803,,1165,654,1615,.405,215,616,.349,280,382,.733,306,1016,397,219,69,516,407
93,Fresno State,33,15,18,.455,-4.30,-3.05,,7,11,,10,7,,3,10,,2121,2079,,1320,765,1748,.438,188,529,.355,361,509,.709,291,1124,374,205,118,552,480
94,Furman,31,15,16,.484,-12.29,-8.65,,5,9,,11,4,,3,10,,2051,1986,,1240,760,1867,.407,173,604,.286,293,445,.658,336,1053,385,252,125,451,534
95,Gardner-Webb,30,6,24,.200,-24.07,-9.64,,5,11,,4,9,,2,14,,1868,2301,,1198,818,1861,.440,187,600,.312,478,676,.707,394,1225,435,245,83,434,457
96,George Mason,31,23,8,.742,11.46,0.36,,14,4,,12,1,,11,6,,2204,1820,,1250,660,1732,.381,177,614,.288,323,476,.679,344,1138,344,185,89,582,557
97,George Washington,31,13,18,.419,-3.27,-1.51,,6,12,,10,5,,3,9,,1812,1804,,1240,642,1654,.388,156,506,.308,364,526,.692,294,1051,314,277,111,480,466
98,Georgetown,35,23,12,.657,9.13,6.39,,9,9,,9,5,,11,6,,2025,1929,,1405,700,1871,.374,181,606,.299,348,480,.725,346,1129,402,283,101,513,541
99,Georgia,30,12,18,.400,9.42,13.12,,3,13,,8,7,,1,9,,1895,2006,,1205,725,1853,.391,215,665,.323,341,502,.679,384,1134,458,233,77,446,466
100,Georgia Southern,33,15,18,.455,-6.29,-5.00,,4,14,,8,7,,5,10,,2385,2323,,1320,825,2155,.383,202,642,.315,471,702,.671,487,1396,416,298,101,655,619
101,Georgia State,30,15,15,.500,-4.69,-3.22,,9,9,,9,6,,6,8,,2094,2056,,1205,726,1838,.395,204,626,.326,400,586,.683,418,1220,413,235,95,527,520
102,Georgia Tech,33,17,16,.515,12.62,11.89,,7,11,,9,7,,6,7,,2234,2210,,1330,850,2027,.419,191,613,.312,319,466,.685,346,1226,452,224,118,462,500
103,Gonzaga NCAA,36,32,4,.889,26.30,6.64,,16,0,,16,0,,12,1,,2879,2171,,1449,821,2057,.399,200,706,.283,329,444,.741,348,1064,444,233,81,556,584
104,Grambling,33,23,10,.697,-8.38,-8.52,,15,3,,12,2,,10,7,,2374,2116,,1335,743,1988,.374,190,651,.292,440,671,.656,419,1259,430,290,100,731,651
105,Grand Canyon,32,24,8,.750,6.31,-5.01,,16,4,,13,4,,11,3,,2223,1798,,1300,637,1668,.382,181,608,.298,343,497,.690,284,1010,338,217,75,590,513
106,Green Bay NCAA,34,27,7,.794,14.22,-0.81,,17,3,,14,1,,9,4,,2512,1977,,1360,718,1859,.386,238,764,.312,303,413,.734,306,1041,436,196,62,511,560
107,Hampton,29,3,26,.103,-19.82,-6.10,,3,15,,2,9,,1,14,,1580,1978,,1160,669,1655,.404,188,608,.309,452,620,.729,382,1255,414,239,95,556,521
108,Harvard,28,16,12,.571,7.07,1.60,,9,5,,6,3,,8,9,,1929,1776,,1120,644,1586,.406,139,478,.291,349,488,.715,308,966,364,179,69,426,442
109,Hawaii,31,20,11,.645,1.70,-1.53,,17,3,,13,3,,7,7,,1846,1746,,1246,633,1752,.361,174,636,.274,306,427,.717,353,1117,322,240,85,421,513
110,High Point,32,20,12,.625,-12.21,-8.81,,14,2,,12,5,,8,4,,2006,2045,,1295,730,1882,.388,168,538,.312,417,568,.734,400,1282,365,214,98,513,559
111,Hofstra,32,11,21,.344,-14.48,-9.22,,3,15,,6,10,,3,10,,1811,1885,,1285,671,1750,.383,170,555,.306,373,527,.708,367,1128,373,280,121,536,548
112,Holy Cross NCAA,34,21,13,.618,-3.52,-8.52,,11,7,,15,2,,5,11,,2139,1933,,1365,700,1924,.364,161,607,.265,372,520,.715,323,1168,369,210,90,415,523
113,Houston,30,14,16,.467,9.74,10.70,,5,13,,11,6,,3,9,,2030,2059,,1210,744,1700,.438,157,504,.312,414,547,.757,364,1228,424,219,92,634,478
114,Houston Christian,29,6,23,.207,-22.26,-4.34,,1,17,,5,8,,1,15,,1556,1886,,1160,699,1751,.399,149,484,.308,339,493,.688,374,1155,381,244,86,408,370
115,Howard,31,15,16,.484,-7.69,-8.95,,10,4,,8,4,,5,8,,1827,1788,,1250,597,1721,.347,179,638,.281,415,598,.694,382,1231,341,232,118,576,566
116,Idaho,31,15,16,.484,-4.32,-4.97,,8,10,,4,11,,10,4,,1853,1773,,1245,657,1707,.385,150,498,.301,309,410,.754,274,1062,252,204,134,427,474
117,Idaho State,30,11,19,.367,-5.44,-1.81,,7,11,,8,5,,2,12,,1784,1850,,1205,614,1600,.384,213,670,.318,409,579,.706,298,1043,376,248,77,457,476
118,Illinois,34,19,15,.559,19.51,12.48,,8,10,,12,5,,4,7,,2533,2294,,1365,852,2058,.414,227,721,.315,363,474,.766,342,1135,492,203,87,485,548
119,Illinois State,34,22,12,.647,3.80,-0.90,,13,7,,14,2,,6,9,,2525,2332,,1370,856,2128,.402,245,775,.316,375,518,.724,341,1185,484,238,94,440,699
120,Illinois-Chicago,34,18,16,.529,-0.42,-3.36,,10,10,,8,5,,8,9,,2352,2252,,1375,828,2010,.412,205,600,.342,391,528,.741,359,1164,480,266,119,602,719
121,Incarnate Word,30,19,11,.633,-7.65,-8.84,,12,6,,11,4,,8,6,,1874,1722,,1225,621,1637,.379,148,506,.292,332,475,.699,308,1028,322,193,91,465,523
122,Indiana NCAA,32,26,6,.813,29.50,14.38,,15,3,,17,0,,7,4,,2544,2060,,1280,774,1920,.403,177,564,.314,335,461,.727,296,1020,374,173,96,441,565
123,Indiana State,32,11,21,.344,-9.41,-1.70,,6,14,,3,10,,6,9,,2054,2295,,1285,795,1876,.424,210,676,.311,495,692,.715,380,1183,432,284,92,514,549
124,Iona,30,11,19,.367,-16.45,-10.85,,6,14,,5,8,,6,10,,1729,1897,,1205,736,1769,.416,170,562,.302,255,366,.697,344,1073,440,248,86,411,428
125,Iowa NCAA,39,34,5,.872,37.05,17.95,,15,3,,15,1,,8,3,,3548,2803,,1570,1041,2603,.400,307,999,.307,414,571,.725,437,1368,570,292,120,561,753
126,Iowa State NCAA,33,21,12,.636,22.94,16.70,,11,6,,13,2,,5,7,,2487,2281,,1335,833,2139,.389,277,863,.321,338,451,.749,305,1064,486,299,98,354,579
127,IU Indy,30,7,23,.233,-13.09,-2.45,,5,15,,5,9,,2,13,,1934,2253,,1209,827,1938,.427,165,535,.308,434,575,.755,391,1158,435,261,115,441,596
128,Jackson State NCAA,33,26,7,.788,4.76,-4.55,,18,0,,11,0,,10,6,,2356,1898,,1320,657,1924,.341,145,548,.265,439,620,.708,404,1144,349,258,90,550,669
129,Jacksonville,31,11,20,.355,-9.98,-3.08,,6,10,,9,5,,2,15,,2025,2189,,1240,772,1831,.422,183,635,.288,462,677,.682,405,1112,404,323,95,576,652
130,Jacksonville State,29,12,17,.414,-9.51,-2.65,,7,9,,9,4,,3,12,,1712,1831,,1170,681,1641,.415,138,461,.299,331,468,.707,271,1093,343,221,85,458,461
131,James Madison,35,23,12,.657,4.99,1.20,,13,5,,12,4,,8,6,,2529,2327,,1409,831,2303,.361,227,803,.283,438,601,.729,400,1265,418,282,105,428,621
132,Kansas NCAA,33,20,13,.606,20.34,16.46,,11,7,,13,1,,4,9,,2249,2121,,1325,773,1948,.397,205,630,.325,370,507,.730,386,1200,436,180,124,480,593
133,Kansas City,32,12,20,.375,-11.22,-5.19,,3,13,,9,7,,2,10,,2064,2111,,1280,699,1761,.397,164,529,.310,549,763,.720,350,1132,378,259,61,526,576
134,Kansas State NCAA,34,26,8,.765,28.15,14.42,,12,5,,16,2,,6,4,,2437,1970,,1375,716,1977,.362,159,598,.266,379,527,.719,327,1172,381,264,83,553,548
135,Kennesaw State,30,11,19,.367,-10.85,-2.50,,7,9,,7,7,,3,11,,1766,1926,,1210,691,1645,.420,174,549,.317,370,533,.694,304,1007,395,229,92,504,486
136,Kent State NCAA,32,21,11,.656,4.22,-0.65,,12,5,,9,3,,8,7,,2296,2008,,1290,726,1860,.390,202,665,.304,354,483,.733,301,1097,361,227,85,487,544
137,Kentucky,32,12,20,.375,4.28,14.28,,4,12,,10,7,,1,9,,2060,2380,,1285,907,1961,.463,179,580,.309,385,512,.752,367,1230,549,246,150,510,592
138,La Salle,30,8,22,.267,-12.79,0.38,,5,13,,3,11,,5,10,,1729,2124,,1205,791,1853,.427,181,618,.293,361,493,.732,427,1290,485,217,86,470,420
139,Lafayette,30,10,20,.333,-17.23,-9.47,,5,13,,3,9,,7,11,,1676,1909,,1209,701,1717,.408,184,572,.322,323,442,.731,327,1067,439,241,79,393,370
140,Lamar,31,24,7,.774,0.70,-5.58,,17,1,,11,1,,11,4,,2066,1786,,1240,635,1608,.395,143,494,.289,373,510,.731,273,987,341,215,73,536,543
141,Le Moyne,33,18,15,.545,-13.65,-10.38,,14,2,,9,3,,9,12,,1911,2019,,1325,744,1891,.393,225,731,.308,306,449,.682,435,1271,473,240,99,545,516
142,Lehigh,30,17,13,.567,-9.17,-11.44,,9,9,,9,5,,7,7,,2065,1963,,1210,739,1839,.402,149,460,.324,336,450,.747,308,1074,357,226,56,414,512
143,Liberty,34,18,16,.529,1.78,4.12,,11,5,,10,5,,6,7,,2234,2267,,1370,796,2068,.385,226,697,.324,449,616,.729,411,1170,427,275,67,383,496
144,Lindenwood,28,7,21,.250,-17.44,-8.22,,5,13,,6,7,,1,14,,1815,2019,,1130,723,1529,.473,147,414,.355,426,587,.726,323,1074,382,177,68,511,497
145,Lipscomb,30,17,13,.567,-5.74,-4.99,,10,6,,8,6,,9,7,,2037,1983,,1215,732,1894,.386,200,663,.302,319,450,.709,353,1185,353,200,106,434,500
146,Little Rock,30,12,18,.400,-7.98,-2.95,,11,7,,6,8,,5,9,,1669,1820,,1210,627,1504,.417,161,495,.325,405,579,.699,289,1059,306,170,78,515,469
147,Long Beach State,33,15,18,.455,-4.52,-2.30,,8,12,,8,8,,5,9,,2242,2293,,1333,831,2104,.395,206,722,.285,425,592,.718,463,1307,435,348,114,627,618
148,Long Island University,30,8,22,.267,-26.78,-17.18,,5,11,,5,9,,3,13,,1747,2035,,1205,758,1801,.421,203,616,.330,316,454,.696,367,1101,491,267,85,454,448
149,Longwood,30,9,21,.300,-21.99,-10.92,,6,10,,6,6,,3,14,,1830,2060,,1200,762,1850,.412,225,695,.324,311,441,.705,400,1216,451,233,89,556,491
150,Louisiana,31,17,14,.548,-2.08,0.27,,10,8,,8,7,,7,6,,1809,1829,,1255,642,1645,.390,158,573,.276,387,557,.695,358,1194,341,203,78,543,542
151,Louisiana State NCAA,37,31,6,.838,34.06,11.46,,13,3,,18,1,,8,2,,3179,2343,,1480,854,2316,.369,243,820,.296,392,584,.671,440,1241,411,287,139,725,827
152,Louisiana Tech,33,14,19,.424,-2.10,1.13,,7,9,,9,5,,4,11,,2058,2066,,1335,755,1852,.408,184,611,.301,372,529,.703,350,1164,389,262,102,508,550
153,Louisiana-Monroe,35,21,14,.600,1.08,-2.07,,10,8,,11,4,,7,9,,2597,2376,,1400,844,2204,.383,206,733,.281,482,693,.696,472,1457,420,211,84,582,633
154,Louisville NCAA,34,24,10,.706,24.57,14.48,,12,6,,14,2,,7,5,,2496,2153,,1360,784,1884,.416,188,620,.303,397,563,.705,333,1063,395,242,115,617,645
155,Loyola (IL),31,15,16,.484,-1.65,-1.17,,8,10,,8,7,,6,8,,1947,1962,,1245,725,1698,.427,195,561,.348,317,451,.703,333,1068,465,229,114,546,547
156,Loyola (MD),31,16,15,.516,-11.64,-9.39,,10,8,,8,7,,8,8,,1830,1900,,1245,688,1625,.423,181,524,.345,343,491,.699,268,979,405,189,87,440,447
157,Loyola Marymount,30,11,19,.367,-4.58,2.24,,5,10,,6,8,,4,10,,1811,1960,,1205,725,1665,.435,183,608,.301,327,457,.716,307,997,449,226,105,449,446
158,Maine NCAA,34,24,10,.706,3.08,-3.98,,14,2,,14,2,,8,7,,2178,1938,,1360,738,1791,.412,157,520,.302,305,458,.666,277,1082,416,208,109,484,451
159,Manhattan,30,18,12,.600,-10.83,-11.33,,11,9,,11,3,,7,8,,1717,1702,,1205,637,1658,.384,180,542,.332,248,347,.715,319,992,389,226,54,455,523
160,Marist,31,6,25,.194,-18.34,-9.96,,4,16,,4,9,,2,13,,1720,1980,,1265,744,1960,.380,212,731,.290,280,382,.733,375,1234,409,323,88,418,484
161,Marquette NCAA,32,23,9,.719,18.98,8.85,,11,7,,13,3,,7,4,,2228,1904,,1280,718,1796,.400,167,517,.323,301,433,.695,263,1005,360,220,97,515,495
162,Marshall NCAA,33,26,7,.788,9.51,-0.81,,17,1,,11,1,,12,6,,2814,2369,,1325,880,1957,.450,156,507,.308,453,682,.664,417,1320,437,273,109,799,685
163,Maryland NCAA,33,19,14,.576,22.60,17.97,,9,9,,12,3,,3,8,,2571,2418,,1325,890,2128,.418,240,776,.309,398,523,.761,395,1205,547,234,109,549,638
164,Maryland-Baltimore County,29,10,19,.345,-15.27,-8.71,,6,10,,6,8,,4,11,,1693,1826,,1185,697,1652,.422,130,443,.293,302,448,.674,329,1046,355,237,104,465,479
165,Maryland-Eastern Shore,30,15,15,.500,-8.93,-9.10,,8,6,,10,4,,5,10,,1867,1780,,1200,623,1620,.385,164,535,.307,370,555,.667,320,1036,324,238,85,555,488
166,Massachusetts,32,5,27,.156,-12.14,0.99,,2,16,,4,9,,0,14,,1857,2277,,1280,797,1788,.446,225,653,.345,458,601,.762,376,1193,515,280,77,552,470
167,Massachusetts-Lowell,29,4,25,.138,-18.24,-6.55,,4,12,,2,10,,2,15,,1505,1844,,1165,704,1650,.427,127,423,.300,309,410,.754,308,1087,399,232,109,421,407
168,McNeese State,31,6,25,.194,-27.21,-5.36,,2,16,,6,13,,0,12,,2020,2430,,1245,906,2028,.447,206,565,.365,412,600,.687,402,1286,523,295,94,496,598
169,Memphis,30,13,17,.433,4.38,6.08,,9,9,,8,5,,4,9,,2028,2079,,1225,739,1685,.439,116,387,.300,485,670,.724,321,1164,385,211,145,604,550
170,Mercer,32,15,17,.469,-4.83,-5.26,,8,6,,10,4,,3,11,,2073,2059,,1295,742,1777,.418,132,458,.288,443,616,.719,336,1138,346,235,84,494,484
171,Merrimack,31,12,19,.387,-18.74,-15.44,,8,8,,7,8,,5,11,,1837,1939,,1245,674,1755,.384,198,634,.312,393,562,.699,359,1113,370,266,127,509,567
172,Miami (FL),31,19,12,.613,17.40,11.11,,8,10,,14,4,,4,6,,2066,1871,,1250,678,1814,.374,199,654,.304,316,425,.744,392,1086,420,224,93,523,432
173,Miami (OH),29,9,20,.310,-13.58,-3.76,,6,12,,6,7,,3,13,,1564,1849,,1180,642,1617,.397,225,680,.331,340,492,.691,362,1080,396,275,103,482,407
174,Michigan NCAA,34,20,14,.588,19.10,13.39,,9,9,,11,4,,5,6,,2379,2185,,1370,787,1830,.430,216,659,.328,395,540,.731,277,1062,433,216,98,563,604
175,Michigan State NCAA,31,22,9,.710,26.69,10.91,,12,6,,13,2,,6,4,,2567,2078,,1240,775,1795,.432,192,569,.337,336,462,.727,288,1071,451,168,103,563,558
176,Middle Tennessee NCAA,35,30,5,.857,16.73,0.87,,16,0,,12,1,,11,3,,2498,1943,,1405,709,2007,.353,204,696,.293,321,461,.696,389,1206,370,190,91,497,602
177,Milwaukee,32,16,16,.500,-4.88,-5.85,,10,10,,8,7,,7,8,,2117,2005,,1285,712,1815,.392,177,618,.286,404,543,.744,346,1044,412,286,97,467,514
178,Minnesota,36,20,16,.556,14.03,10.64,,5,13,,15,6,,4,9,,2503,2381,,1450,890,2113,.421,272,798,.341,329,448,.734,340,1284,566,262,106,568,577
179,Mississippi NCAA,33,24,9,.727,21.31,12.19,,12,4,,11,4,,8,4,,2261,1960,,1330,709,1867,.380,145,460,.315,397,548,.724,351,1090,397,218,115,558,612
180,Mississippi State,35,23,12,.657,20.05,10.19,,8,8,,13,5,,7,6,,2647,2302,,1410,874,2193,.399,227,729,.311,327,472,.693,392,1198,481,239,122,501,574
181,Mississippi Valley State,31,4,27,.129,-24.24,-2.59,,3,15,,1,9,,3,16,,1720,2391,,1240,825,1924,.429,201,659,.305,540,796,.678,501,1474,482,289,176,570,510
182,Missouri,30,11,19,.367,11.91,12.94,,2,14,,8,7,,2,9,,2099,2130,,1205,798,1895,.421,208,659,.316,326,448,.728,342,1099,424,247,100,410,460
183,Missouri State,33,23,10,.697,5.52,-0.14,,15,5,,14,1,,7,8,,2287,2100,,1320,722,1673,.432,173,517,.335,483,661,.731,251,1001,368,235,84,586,579
184,Monmouth,32,22,10,.688,-1.37,-6.08,,14,4,,9,6,,13,3,,2052,1866,,1295,721,1946,.371,132,512,.258,292,445,.656,346,1064,339,247,86,406,489
185,Montana,33,23,10,.697,5.68,-1.64,,13,5,,11,5,,10,4,,2392,2107,,1320,788,1942,.406,207,618,.335,324,424,.764,294,1098,391,231,107,395,462
186,Montana State,33,17,16,.515,0.13,-0.57,,10,8,,10,4,,5,10,,1938,1915,,1325,685,1764,.388,207,660,.314,338,480,.704,356,1184,368,274,112,588,536
187,Morehead State,30,15,15,.500,-9.44,-6.11,,10,8,,9,6,,6,8,,1989,1968,,1230,706,1791,.394,166,544,.305,390,531,.734,353,1115,354,202,90,512,541
188,Morgan State,30,8,22,.267,-18.41,-7.02,,3,11,,5,8,,2,12,,1608,1882,,1205,662,1604,.413,160,436,.367,398,571,.697,352,1145,381,262,89,583,410
189,Mount St. Mary's,31,14,17,.452,-14.26,-10.26,,10,10,,7,6,,6,10,,1691,1815,,1245,661,1730,.382,183,628,.291,310,430,.721,358,1190,384,225,74,514,441
190,Murray State,32,20,12,.625,5.71,-2.00,,12,8,,10,4,,9,7,,2704,2407,,1286,903,2060,.438,207,611,.339,394,542,.727,328,1150,467,239,110,535,598
191,Navy,31,14,17,.452,-15.32,-9.98,,9,9,,11,6,,3,11,,1917,1976,,1245,705,1734,.407,179,544,.329,387,538,.719,298,1184,418,234,85,532,463
192,NC State NCAA,38,31,7,.816,30.41,17.70,,13,5,,17,1,,7,4,,2791,2308,,1535,891,2456,.363,235,808,.291,289,388,.745,399,1417,433,238,136,501,685
193,Nebraska NCAA,35,23,12,.657,22.84,14.64,,11,7,,13,3,,5,7,,2533,2246,,1405,832,2053,.405,229,762,.301,353,486,.726,303,1159,477,217,115,501,616
194,Nevada,32,16,16,.500,-3.55,-1.68,,10,8,,9,6,,5,7,,2057,2080,,1295,750,1773,.423,197,576,.342,383,533,.719,325,1207,373,214,139,587,499
195,Nevada-Las Vegas NCAA,33,30,3,.909,19.63,-0.34,,17,1,,15,1,,14,1,,2608,1949,,1325,751,1969,.381,189,652,.290,258,358,.721,257,1056,380,150,93,444,498
196,New Hampshire,29,9,20,.310,-14.67,-8.63,,3,13,,7,8,,1,12,,1569,1704,,1160,595,1450,.410,200,617,.324,314,424,.741,274,961,364,222,91,531,427
197,New Mexico,32,21,11,.656,0.29,-3.00,,12,6,,14,4,,7,4,,2071,1945,,1285,749,1956,.383,215,713,.302,232,334,.695,298,1186,426,206,118,451,497
198,New Mexico State,31,13,18,.419,-4.95,-2.72,,6,10,,7,6,,3,10,,1874,1906,,1260,672,1641,.410,158,546,.289,404,586,.689,297,989,339,229,110,535,541
199,New Orleans,30,11,19,.367,-13.07,-6.90,,8,10,,6,6,,5,12,,1865,2050,,1216,733,1849,.396,193,639,.302,391,518,.755,387,1283,415,271,129,554,550
200,Niagara,35,21,14,.600,-5.55,-6.24,,15,5,,12,3,,7,8,,2479,2455,,1415,863,1905,.453,184,580,.317,545,755,.722,398,1381,562,351,128,961,637
201,Nicholls State,32,14,18,.438,-12.26,-8.85,,7,11,,8,5,,4,12,,2013,2021,,1285,699,1752,.399,175,611,.286,448,617,.726,323,1217,392,255,70,568,487
202,NJIT,30,12,18,.400,-15.56,-10.52,,4,12,,8,7,,4,11,,1723,1874,,1210,704,1780,.396,141,474,.297,325,495,.657,396,1109,381,261,112,434,493
203,Norfolk State NCAA,33,27,6,.818,1.29,-11.30,,13,1,,10,0,,13,5,,2210,1751,,1325,596,1650,.361,187,641,.292,372,540,.689,331,1149,371,187,87,697,483
204,North Alabama,30,12,18,.400,-12.51,-4.91,,8,8,,8,6,,4,12,,2040,2175,,1210,805,1879,.428,162,524,.309,403,554,.727,372,1174,402,267,97,475,490
205,North Carolina NCAA,33,20,13,.606,20.96,15.69,,11,7,,14,2,,3,7,,2236,2062,,1330,730,1922,.380,222,681,.326,380,523,.727,350,1205,411,198,98,523,636
206,North Carolina A&T,34,22,12,.647,-0.95,-4.64,,13,5,,11,5,,9,5,,2182,1931,,1375,683,1959,.349,200,702,.285,365,543,.672,407,1236,435,272,89,598,647
207,North Carolina Central,31,16,15,.516,-18.62,-10.94,,9,5,,8,3,,7,11,,2038,2042,,1255,742,1993,.372,154,572,.269,404,600,.673,458,1327,394,291,112,647,546
208,North Dakota,30,9,21,.300,-14.07,-1.26,,5,11,,6,10,,3,9,,2006,2297,,1199,807,1912,.422,240,722,.332,443,630,.703,370,1201,420,280,81,464,531
209,North Dakota State,34,22,12,.647,4.99,-0.04,,13,3,,13,1,,7,7,,2565,2328,,1360,834,1944,.429,172,531,.324,488,671,.727,346,1078,392,255,111,532,659
210,North Florida,30,9,21,.300,-13.94,-4.05,,3,13,,7,7,,2,13,,1906,2045,,1230,760,1799,.422,162,544,.298,363,531,.684,356,1125,376,225,100,438,453
211,North Texas,32,23,9,.719,8.82,0.76,,13,5,,12,2,,9,6,,2379,2054,,1315,770,2023,.381,196,727,.270,318,498,.639,399,1134,391,304,101,547,681
212,Northeastern,27,10,17,.370,-15.09,-7.98,,5,10,,5,8,,4,8,,1552,1744,,1085,646,1593,.406,181,604,.300,271,370,.732,362,993,363,230,69,389,375
213,Northern Arizona,35,25,10,.714,2.50,-1.32,,15,3,,9,4,,12,5,,2636,2452,,1415,880,2124,.414,215,673,.319,477,651,.733,351,1298,453,231,103,530,566
214,Northern Colorado,31,15,16,.484,-3.27,-2.99,,10,8,,9,5,,6,10,,2017,1936,,1249,716,1785,.401,173,580,.298,331,448,.739,327,1001,385,240,96,442,553
215,Northern Illinois,31,15,16,.484,-9.77,-6.34,,8,10,,8,6,,5,9,,1997,2034,,1245,763,1962,.389,203,685,.296,305,447,.682,333,1169,406,265,97,389,480
216,Northern Iowa,32,16,16,.500,6.73,3.79,,14,6,,9,4,,6,9,,2349,2255,,1285,816,1947,.419,252,725,.348,371,513,.723,344,1185,492,194,128,457,523
217,Northern Kentucky,31,11,20,.355,-7.27,-1.87,,8,12,,6,7,,5,11,,2118,2276,,1245,833,1902,.438,206,629,.328,404,565,.715,352,1166,430,263,100,421,566
218,Northwestern,30,9,21,.300,-0.56,13.61,,4,14,,6,9,,3,9,,1984,2409,,1205,866,1928,.449,241,673,.358,436,569,.766,395,1163,568,267,91,377,438
219,Northwestern State,30,11,19,.367,-12.88,-5.59,,7,11,,7,6,,4,12,,1753,1849,,1200,648,1735,.373,150,528,.284,403,544,.741,328,1119,296,257,97,433,537
220,Notre Dame NCAA,35,28,7,.800,32.26,14.74,,13,5,,13,3,,11,2,,2751,2138,,1410,813,2124,.383,181,649,.279,331,479,.691,401,1248,418,253,143,672,599
221,Oakland,29,12,17,.414,-9.55,-2.62,,8,12,,8,8,,4,9,,2070,2114,,1190,754,1636,.461,183,523,.350,423,596,.710,309,1094,436,191,80,582,566
222,Ohio,30,11,19,.367,-11.55,-3.89,,8,10,,9,6,,2,12,,1914,2144,,1200,751,1768,.425,222,725,.306,420,574,.732,410,1268,453,271,75,639,543
223,Ohio State NCAA,32,26,6,.813,31.79,16.76,,16,2,,16,2,,8,2,,2537,2047,,1291,737,1779,.414,175,579,.302,398,536,.743,329,1150,391,190,80,674,573
224,Oklahoma NCAA,33,23,10,.697,23.21,15.85,,15,3,,13,2,,8,4,,2523,2280,,1322,829,2120,.391,200,672,.298,422,597,.707,379,1235,402,249,112,531,571
225,Oklahoma State,30,14,16,.467,17.00,14.47,,7,11,,10,5,,4,7,,2069,1993,,1200,738,1800,.410,199,656,.303,318,437,.728,314,1090,399,203,81,436,491
226,Old Dominion,32,22,10,.688,2.40,-0.73,,12,6,,12,4,,9,5,,2047,1928,,1280,652,1706,.382,151,556,.272,473,676,.700,341,1208,337,283,142,666,596
227,Omaha,31,8,23,.258,-13.41,-2.17,,3,13,,5,10,,2,12,,2242,2516,,1251,926,1940,.477,240,692,.347,424,591,.717,366,1227,508,226,96,518,675
228,Oral Roberts,32,21,11,.656,1.23,-0.52,,11,5,,13,2,,7,8,,2628,2413,,1285,903,2026,.446,216,671,.322,391,551,.710,377,1314,481,198,126,645,600
229,Oregon,32,11,21,.344,9.04,16.54,,2,16,,8,8,,2,12,,1914,2154,,1281,850,2129,.399,253,775,.326,201,295,.681,415,1254,572,244,107,330,481
230,Oregon State NCAA,35,27,8,.771,27.93,16.76,,12,6,,18,2,,5,4,,2483,2092,,1420,803,2267,.354,176,645,.273,308,410,.751,369,1152,366,253,94,315,539
231,Pacific,34,19,15,.559,2.13,2.56,,8,8,,12,5,,4,9,,2424,2375,,1360,851,2097,.406,241,702,.343,432,605,.714,374,1153,538,287,90,566,621
232,Penn State,35,22,13,.629,23.56,12.65,,9,9,,15,4,,5,6,,2894,2512,,1410,898,2157,.416,226,714,.317,490,660,.742,383,1192,524,283,110,630,604
233,Pennsylvania,28,15,13,.536,-0.95,0.63,,7,7,,8,4,,7,8,,1836,1776,,1125,676,1661,.407,147,500,.294,277,381,.727,317,986,387,200,85,403,440
234,Pepperdine,30,5,25,.167,-16.24,2.40,,1,15,,3,13,,2,11,,1627,2104,,1200,769,1800,.427,195,578,.337,371,517,.718,376,1080,438,322,65,409,440
235,Pittsburgh,32,8,24,.250,2.24,10.55,,2,16,,5,11,,2,9,,1945,2211,,1290,790,1923,.411,260,744,.349,371,497,.746,359,1141,506,302,115,452,511
236,Portland NCAA,34,21,13,.618,7.11,3.77,,9,6,,10,4,,8,7,,2309,2122,,1370,779,1969,.396,161,533,.302,403,567,.711,432,1254,449,295,100,669,635
237,Portland State,31,8,23,.258,-15.89,-3.10,,3,15,,6,9,,2,13,,1746,2096,,1240,795,1765,.450,170,506,.336,336,464,.724,383,1143,520,249,70,415,415
238,Prairie View,28,11,17,.393,-18.68,-6.44,,7,10,,7,7,,4,9,,1767,1901,,1125,637,1511,.422,122,400,.305,505,747,.676,328,989,357,282,102,562,489
239,Presbyterian NCAA,36,21,15,.583,-15.61,-11.13,,8,8,,11,4,,7,9,,2072,2121,,1440,804,2054,.391,206,702,.293,307,447,.687,357,1214,416,348,101,526,538
240,Princeton NCAA,30,25,5,.833,17.09,4.13,,13,1,,11,0,,12,3,,2075,1686,,1210,608,1523,.399,170,449,.379,300,433,.693,265,887,319,178,69,527,465
241,Providence,34,13,21,.382,4.43,7.99,,6,12,,8,9,,4,9,,1971,2092,,1365,781,2041,.383,216,763,.283,314,438,.717,398,1137,426,321,121,460,551
242,Purdue,34,15,19,.441,13.29,13.38,,5,13,,10,7,,4,9,,2318,2321,,1365,860,2036,.422,219,650,.337,382,495,.772,351,1204,495,235,123,520,542
243,Purdue Fort Wayne,36,23,13,.639,1.37,-3.19,,13,7,,12,4,,9,7,,2554,2282,,1445,831,2044,.407,202,716,.282,418,565,.740,344,1304,464,262,130,632,595
244,Queens (NC),29,7,22,.241,-22.72,-8.26,,1,15,,5,10,,2,12,,1798,2043,,1165,675,1628,.415,183,602,.304,510,719,.709,352,1164,372,212,86,536,509
245,Quinnipiac,31,13,18,.419,-13.76,-8.47,,9,11,,7,6,,5,10,,1839,2003,,1265,727,1835,.396,194,644,.301,355,498,.713,351,1125,440,265,67,436,519
246,Radford,33,15,18,.455,-16.10,-11.29,,9,7,,8,5,,5,10,,1897,2027,,1330,737,1849,.399,186,622,.299,367,506,.725,361,1192,383,284,106,557,522
247,Rhode Island,35,21,14,.600,9.06,1.61,,10,8,,10,5,,6,8,,2245,1984,,1400,738,1883,.392,187,586,.319,321,438,.733,327,1131,400,221,95,571,551
248,Rice NCAA,34,19,15,.559,7.96,3.82,,9,9,,9,6,,6,9,,2284,2143,,1370,773,1933,.400,158,515,.307,439,627,.700,376,1247,409,246,124,575,588
249,Richmond NCAA,35,29,6,.829,13.96,1.88,,16,2,,14,0,,9,4,,2558,2135,,1412,785,2137,.367,241,798,.302,324,449,.722,441,1218,405,227,74,501,547
250,Rider,31,10,21,.323,-19.30,-9.59,,6,14,,7,7,,2,13,,1703,2004,,1250,743,1876,.396,193,669,.288,325,464,.700,409,1171,432,275,96,420,464
251,Robert Morris,30,6,24,.200,-17.88,-3.88,,2,18,,5,9,,1,15,,1660,1991,,1215,677,1612,.420,186,554,.336,451,633,.712,307,1127,384,211,76,488,415
252,Rutgers,32,8,24,.250,3.27,10.42,,2,16,,7,11,,1,10,,2106,2335,,1280,842,1962,.429,229,670,.342,422,601,.702,400,1136,545,260,107,449,568
253,Sacramento State,31,6,25,.194,-12.50,-2.34,,4,14,,4,12,,1,12,,1758,2073,,1240,731,1783,.410,234,694,.337,377,511,.738,391,1160,416,278,68,463,495
254,Sacred Heart NCAA,34,24,10,.706,-7.55,-15.71,,15,1,,13,2,,10,5,,2242,1918,,1370,713,1811,.394,153,546,.280,339,487,.696,359,1205,381,183,131,627,585
255,Saint Francis (PA),30,5,25,.167,-32.32,-13.92,,4,12,,4,9,,1,16,,1544,2096,,1200,760,1769,.430,177,540,.328,399,522,.764,369,1159,381,201,102,383,395
256,Saint Joseph's,34,28,6,.824,11.67,0.82,,15,3,,13,3,,15,2,,2221,1852,,1365,727,1904,.382,170,583,.292,228,341,.669,349,1082,321,215,100,478,563
257,Saint Louis,40,22,18,.550,2.06,3.14,,8,9,,10,7,,9,8,,2883,2801,,1600,1015,2330,.436,263,808,.325,508,726,.700,464,1396,570,325,103,718,704
258,Saint Mary's (CA),31,13,18,.419,-3.15,1.78,,6,10,,9,7,,4,10,,1892,2024,,1255,717,1725,.416,237,713,.332,353,475,.743,382,1088,469,255,81,488,439
259,Saint Peter's,30,7,23,.233,-22.72,-10.86,,4,16,,4,8,,3,14,,1517,1873,,1210,686,1663,.413,203,615,.330,298,444,.671,328,1026,445,323,95,518,493
260,Sam Houston,29,7,22,.241,-13.42,-2.56,,2,14,,6,9,,1,12,,1921,2098,,1180,789,1757,.449,163,490,.333,357,514,.695,361,1184,457,221,109,568,613
261,Samford,30,14,16,.467,-10.68,-4.79,,6,8,,11,4,,3,10,,1742,1824,,1200,682,1737,.393,159,535,.297,301,420,.717,328,1124,356,196,96,421,505
262,San Diego,31,9,22,.290,-3.53,2.47,,4,12,,6,11,,2,10,,1947,2073,,1240,764,1809,.422,172,507,.339,373,525,.710,368,1061,458,263,107,475,528
263,San Diego State,35,22,13,.629,0.75,-0.53,,10,8,,12,4,,5,9,,2321,2252,,1420,830,2045,.406,254,749,.339,338,484,.698,329,1256,482,241,105,553,575
264,San Francisco,30,14,16,.467,0.40,1.47,,10,6,,8,6,,6,8,,2005,2014,,1205,748,1812,.413,182,621,.293,336,435,.772,275,1029,410,221,124,442,516
265,San Jose State,31,7,24,.226,-11.46,-2.26,,2,16,,4,9,,3,13,,1870,2052,,1240,700,1697,.412,253,686,.369,399,506,.789,311,996,421,296,99,497,440
266,Santa Clara,34,25,9,.735,9.73,2.32,,12,4,,13,1,,11,6,,2365,2011,,1360,758,1891,.401,181,601,.301,314,465,.675,337,1105,443,253,92,509,531
267,Seattle,29,6,23,.207,-14.97,-3.39,,6,14,,3,11,,3,12,,1844,2180,,1174,778,1776,.438,213,688,.310,411,574,.716,375,1127,511,286,121,443,471
268,Seton Hall,32,17,15,.531,13.47,8.78,,8,10,,11,5,,4,8,,2060,1910,,1295,693,1705,.406,212,656,.323,312,450,.693,308,1098,421,199,127,546,526
269,Siena,30,18,12,.600,-5.67,-10.17,,14,6,,9,4,,8,7,,2053,1918,,1205,694,1760,.394,188,592,.318,342,499,.685,397,1136,398,248,75,618,492
270,South Alabama,32,9,23,.281,-15.08,-1.92,,2,16,,4,12,,5,9,,1942,2288,,1280,831,2013,.413,176,609,.289,450,639,.704,445,1272,370,318,103,471,569
271,South Carolina NCAA,38,38,0,1.000,45.27,16.37,,16,0,,17,0,,12,0,,3247,2149,,1520,787,2433,.323,213,781,.273,362,527,.687,472,1284,390,246,120,594,624
272,South Carolina State,30,2,28,.067,-29.86,-9.10,,1,13,,2,8,,0,18,,1450,2073,,1200,751,1846,.407,220,668,.329,351,500,.702,462,1165,449,321,95,443,502
273,South Carolina Upstate,32,16,16,.500,-17.36,-13.81,,10,6,,9,4,,5,10,,1883,1965,,1285,715,1825,.392,204,663,.308,331,495,.669,366,1117,347,280,122,552,556
274,South Dakota,36,23,13,.639,0.58,-1.54,,9,7,,13,4,,7,6,,2551,2326,,1454,875,2203,.397,227,811,.280,349,495,.705,361,1186,466,257,127,475,619
275,South Dakota State NCAA,33,27,6,.818,13.18,0.47,,16,0,,13,1,,11,4,,2428,1985,,1330,733,1966,.373,184,690,.267,335,478,.701,323,1025,384,247,115,427,605
276,South Florida,33,19,14,.576,6.93,2.93,,10,8,,11,5,,5,5,,2120,1988,,1330,730,1904,.383,185,564,.328,343,518,.662,369,1187,349,195,76,442,579
277,Southeast Missouri State,29,9,20,.310,-14.05,-6.87,,6,12,,6,7,,3,13,,1800,1934,,1161,670,1580,.424,180,544,.331,414,606,.683,300,1043,397,221,83,534,499
278,Southeastern Louisiana,31,19,12,.613,-3.08,-4.93,,14,4,,11,4,,7,5,,1970,1799,,1270,608,1718,.354,166,613,.271,417,571,.730,317,1181,329,214,99,514,529
279,Southern,30,15,15,.500,-7.28,-3.45,,13,5,,8,3,,7,11,,1819,1874,,1210,645,1563,.413,143,497,.288,441,621,.710,293,1086,403,212,88,614,555
280,Southern California NCAA,35,29,6,.829,30.21,17.78,,13,5,,15,2,,7,3,,2622,2187,,1420,795,2049,.388,190,617,.308,407,551,.739,364,1236,474,222,97,546,647
281,Southern Illinois,31,11,20,.355,-4.32,-1.48,,6,14,,6,10,,3,8,,2035,2123,,1260,760,1724,.441,142,487,.292,461,622,.741,337,1163,421,217,123,613,551
282,SIU Edwardsville,31,5,26,.161,-18.00,-6.47,,2,16,,5,9,,0,17,,2110,2388,,1240,856,1961,.437,209,633,.330,467,678,.689,420,1232,530,265,103,434,558
283,Southern Indiana,32,25,7,.781,0.00,-7.07,,17,1,,15,3,,8,4,,2306,1997,,1285,689,1915,.360,210,736,.285,409,563,.726,375,1129,352,274,92,493,564
284,Southern Methodist,30,14,16,.467,4.60,3.10,,8,10,,10,7,,4,6,,2095,2050,,1220,734,1814,.405,187,602,.311,395,531,.744,356,1116,468,224,109,479,557
285,Southern Mississippi,34,20,14,.588,1.41,-1.41,,10,8,,14,3,,5,9,,2294,2159,,1370,777,2040,.381,217,749,.290,388,555,.699,417,1235,445,247,87,557,564
286,Southern Utah,30,8,22,.267,-12.47,-3.85,,6,14,,5,10,,3,11,,1972,2208,,1215,822,1899,.433,198,602,.329,366,491,.745,350,1115,454,275,95,342,492
287,St. Bonaventure,30,4,26,.133,-13.37,-1.53,,1,17,,3,10,,1,15,,1640,1995,,1200,753,1721,.438,210,602,.349,279,401,.696,317,1097,390,222,124,463,507
288,St. John's (NY),33,18,15,.545,9.53,7.31,,11,7,,11,3,,7,8,,1993,1920,,1335,766,1795,.427,149,491,.303,239,319,.749,329,1074,425,174,117,508,527
289,St. Thomas,31,15,16,.484,-8.24,-2.20,,7,9,,8,6,,7,7,,2103,2206,,1240,800,1808,.442,221,616,.359,385,512,.752,310,1035,447,239,116,505,525
290,Stanford NCAA,36,30,6,.833,33.90,16.43,,15,3,,17,2,,9,2,,2789,2160,,1455,815,2282,.357,223,735,.303,307,412,.745,386,1155,384,212,91,409,564
291,Stephen F. Austin,34,22,12,.647,-0.34,-3.24,,14,6,,12,4,,8,6,,2572,2334,,1380,854,2120,.403,205,663,.309,421,598,.704,409,1301,461,269,107,593,592
292,Stetson,32,17,15,.531,-9.49,-6.43,,12,4,,10,5,,7,8,,1849,1882,,1285,640,1709,.374,199,659,.302,403,578,.697,324,1135,338,220,105,535,595
293,Stonehill,30,4,26,.133,-30.17,-13.40,,4,12,,3,12,,1,14,,1566,2069,,1200,807,1853,.436,160,526,.304,295,438,.674,397,1190,405,323,100,417,481
294,Stony Brook,33,28,5,.848,8.96,-6.32,,15,2,,13,1,,13,3,,2405,1901,,1330,721,2058,.350,166,659,.252,293,436,.672,387,1181,377,230,86,555,575
295,Syracuse NCAA,32,24,8,.750,19.68,11.34,,13,5,,14,2,,7,5,,2369,2102,,1285,796,1963,.406,174,594,.293,336,457,.735,410,1179,482,244,92,530,558
296,Tarleton State,31,11,20,.355,-12.66,-6.20,,7,13,,5,8,,5,11,,1902,2028,,1240,707,1802,.392,207,678,.305,407,561,.725,326,1144,407,208,94,434,504
297,TCU,33,21,12,.636,18.15,10.47,,6,10,,16,4,,2,7,,2294,2010,,1320,738,1998,.369,182,654,.278,352,488,.721,376,1127,431,240,68,397,503
298,Temple,32,20,12,.625,8.87,1.84,,13,5,,10,6,,8,4,,2238,2013,,1307,703,1791,.393,148,518,.286,459,628,.731,373,1213,404,189,118,608,523
299,Tennessee NCAA,33,20,13,.606,24.54,17.97,,10,6,,11,4,,5,6,,2518,2301,,1325,898,2282,.394,206,634,.325,299,424,.705,419,1219,444,261,114,385,610
300,Tennessee State,30,11,19,.367,-15.23,-8.26,,7,11,,8,5,,1,12,,1862,2044,,1230,707,1679,.421,183,570,.321,447,596,.750,369,1164,410,258,93,652,558
301,Tennessee Tech,31,16,15,.516,-6.82,-7.02,,10,8,,8,6,,6,7,,2168,2074,,1249,745,1667,.447,172,478,.360,412,575,.717,292,1030,412,237,78,571,566
302,Tennessee-Martin NCAA,33,16,17,.485,-6.89,-6.04,,11,7,,6,8,,8,7,,2086,2085,,1325,768,1908,.403,239,741,.323,310,422,.735,373,1112,499,269,139,483,514
303,Texas NCAA,38,33,5,.868,36.47,14.05,,14,4,,17,2,,9,2,,3043,2191,,1520,792,2063,.384,205,657,.312,402,578,.696,371,1127,432,252,92,743,768
304,Texas A&M NCAA,32,19,13,.594,21.26,11.60,,6,10,,12,5,,5,6,,2188,1879,,1280,668,1799,.371,153,521,.294,390,539,.724,305,1110,388,195,101,510,529
305,Texas A&M-Commerce,31,15,16,.484,-12.61,-6.06,,8,10,,9,5,,4,10,,2137,2248,,1245,835,2100,.398,173,593,.292,405,581,.697,434,1443,420,212,115,449,493
306,Texas A&M-Corpus Christi NCAA,32,23,9,.719,-2.34,-6.63,,14,4,,14,3,,7,6,,2139,1854,,1291,671,1881,.357,163,638,.255,349,499,.699,385,1200,388,260,90,586,632
307,Texas Southern,28,6,22,.214,-21.83,-5.91,,5,12,,4,9,,2,13,,1638,2026,,1120,737,1807,.408,137,470,.291,415,570,.728,412,1173,373,302,108,449,469
308,Texas State,32,14,18,.438,-5.12,-3.96,,4,14,,6,9,,6,8,,2076,2031,,1285,732,1752,.418,146,535,.273,421,593,.710,374,1110,362,283,115,598,614
309,Texas Tech,33,17,16,.515,13.06,11.03,,5,13,,13,5,,1,8,,2141,2074,,1319,766,1811,.423,182,599,.304,360,516,.698,356,1121,396,261,118,599,623
310,Texas-Rio Grande Valley,29,6,23,.207,-14.82,-3.40,,5,15,,3,11,,3,12,,1727,2058,,1165,756,1765,.428,208,606,.343,338,458,.738,331,1217,440,227,87,422,585
311,Toledo,34,28,6,.824,11.32,-0.41,,17,1,,15,1,,10,4,,2472,2043,,1365,748,1901,.393,201,630,.319,346,487,.710,311,1152,389,209,64,551,633
312,Towson,31,20,11,.645,-3.36,-4.78,,10,7,,9,4,,7,6,,2072,2028,,1260,747,1858,.402,162,528,.307,372,527,.706,342,1224,356,192,94,483,493
313,Troy,34,22,12,.647,6.03,0.21,,15,3,,11,5,,9,6,,2749,2551,,1370,937,2321,.404,241,785,.307,436,615,.709,407,1362,471,246,91,554,543
314,Tulane,32,12,20,.375,1.29,2.48,,3,15,,8,8,,2,9,,2060,2098,,1305,776,1911,.406,232,678,.342,314,429,.732,372,1102,456,268,88,442,513
315,Tulsa,35,25,10,.714,7.38,3.44,,13,5,,15,2,,6,6,,2480,2342,,1405,859,2263,.380,189,660,.286,435,589,.739,455,1403,371,250,80,498,648
316,UAB,32,18,14,.563,0.06,-1.78,,9,9,,11,5,,6,7,,2302,2234,,1290,884,2058,.430,157,527,.298,309,465,.665,419,1251,400,226,91,446,520
317,UC Davis,34,20,14,.588,-3.04,-2.36,,13,7,,12,2,,5,11,,2106,2039,,1365,728,1961,.371,211,615,.343,372,519,.717,357,1228,375,295,65,498,487
318,UC Irvine NCAA,32,23,9,.719,2.85,-4.46,,15,4,,10,2,,10,6,,2015,1781,,1290,641,1642,.390,183,583,.314,316,448,.705,293,1045,367,202,73,604,572
319,UC Riverside,32,18,14,.563,-5.02,-3.29,,13,7,,11,3,,7,10,,1868,1865,,1289,692,1679,.412,177,595,.297,304,432,.704,336,1226,427,219,126,641,474
320,UC San Diego,31,12,19,.387,-6.49,-3.07,,8,12,,7,9,,5,9,,1811,1800,,1260,637,1716,.371,193,664,.291,333,448,.743,310,1092,354,288,95,482,565
321,UC Santa Barbara,31,16,15,.516,-5.66,-4.76,,10,10,,11,4,,4,9,,2012,1943,,1250,734,1848,.397,164,555,.295,311,423,.735,324,1060,363,221,92,401,487
322,UCF,29,12,17,.414,10.92,12.20,,3,15,,8,8,,1,8,,1860,1873,,1165,678,1647,.412,155,514,.302,362,514,.704,290,943,337,242,99,464,529
323,UCLA NCAA,34,27,7,.794,34.00,17.82,,13,5,,16,1,,7,4,,2629,2079,,1376,712,1934,.368,200,617,.324,455,599,.760,279,1008,368,249,105,504,577
324,UNC Asheville,31,11,20,.355,-20.00,-15.72,,4,12,,7,7,,3,11,,1845,1876,,1255,680,1766,.385,160,548,.292,356,551,.646,349,1137,307,221,76,499,532
325,UNC Greensboro,33,21,12,.636,-6.19,-7.99,,8,6,,15,1,,4,10,,2093,1853,,1320,671,1783,.376,128,455,.281,383,531,.721,348,1116,319,171,70,475,514
326,UNC Wilmington,30,5,25,.167,-25.58,-5.45,,3,15,,3,11,,2,13,,1635,2183,,1205,863,1965,.439,196,615,.319,261,371,.704,440,1303,503,294,133,492,484
327,UT Arlington,33,17,16,.515,-4.76,-3.00,,11,9,,7,6,,7,8,,2306,2364,,1320,831,2054,.405,239,712,.336,463,651,.711,437,1315,531,242,97,514,569
328,Utah NCAA,34,23,11,.676,28.68,15.46,,11,7,,12,3,,8,6,,2630,2107,,1370,807,1950,.414,199,590,.337,294,416,.707,278,1047,453,247,129,526,540
329,Utah State,30,5,25,.167,-20.59,-1.20,,2,16,,2,13,,3,11,,1686,2219,,1200,816,1886,.433,245,737,.332,342,491,.697,401,1198,525,273,109,391,500
330,Utah Tech,32,18,14,.563,-5.08,-5.88,,12,8,,11,5,,7,8,,2343,2187,,1280,821,2174,.378,264,889,.297,281,412,.682,416,1293,500,216,87,379,420
331,Utah Valley,29,10,19,.345,-13.39,-6.31,,5,15,,8,6,,2,13,,1735,1899,,1180,642,1597,.402,200,655,.305,415,555,.748,343,1139,443,247,127,576,484
332,UTEP,31,12,19,.387,-5.92,-0.27,,6,10,,10,5,,1,9,,2077,2216,,1250,782,1817,.430,262,757,.346,390,537,.726,329,1093,481,210,90,477,584
333,UTSA,33,18,15,.545,3.12,1.97,,10,8,,10,4,,7,10,,2132,2094,,1345,718,1979,.363,207,700,.296,451,667,.676,410,1198,410,252,123,452,541
334,Valparaiso,30,5,25,.167,-14.11,-3.11,,4,16,,2,10,,3,13,,1853,2183,,1205,745,1627,.458,162,482,.336,531,701,.757,313,1127,412,242,69,511,506
335,Vanderbilt NCAA,33,23,10,.697,16.42,10.27,,9,7,,12,5,,8,3,,2260,2057,,1320,761,1883,.404,196,670,.293,339,480,.706,370,1176,403,235,95,585,561
336,Vermont,37,25,12,.676,0.09,-6.25,,12,4,,16,3,,9,6,,2199,1955,,1480,741,1938,.382,135,495,.273,338,476,.710,353,1162,320,230,93,473,477
337,Villanova,35,22,13,.629,17.27,12.07,,11,7,,13,4,,8,7,,2269,2087,,1410,778,1967,.396,176,538,.327,355,473,.751,407,1280,426,184,118,524,522
338,Virginia,32,16,16,.500,15.60,12.26,,7,11,,10,8,,5,6,,2319,2212,,1285,784,1951,.402,209,690,.303,435,600,.725,356,1213,472,224,117,497,532
339,Virginia Commonwealth,32,26,6,.813,9.15,-0.05,,15,3,,14,1,,8,4,,2025,1701,,1280,628,1740,.361,150,617,.243,295,410,.720,300,964,310,211,82,465,541
340,Virginia Tech NCAA,33,25,8,.758,26.88,13.40,,14,4,,16,1,,6,5,,2482,2037,,1325,746,1988,.375,163,577,.282,382,517,.739,334,1091,302,209,81,384,543
341,Wagner,28,7,21,.250,-29.80,-16.39,,4,12,,5,7,,2,12,,1548,1877,,1132,664,1582,.420,191,584,.327,358,523,.685,368,1077,418,268,73,536,479
342,Wake Forest,32,7,25,.219,6.05,14.11,,2,16,,3,13,,2,10,,1904,2162,,1280,782,1781,.439,194,567,.342,404,544,.743,342,1163,408,227,103,487,482
343,Washington,31,16,15,.516,18.65,13.48,,6,12,,10,7,,4,7,,1990,1830,,1270,694,1768,.393,157,537,.292,285,410,.695,315,1048,342,179,90,441,446
344,Washington State,36,21,15,.583,21.88,14.57,,7,11,,12,6,,7,6,,2487,2224,,1450,854,2166,.394,199,599,.332,317,427,.742,399,1256,427,213,71,479,507
345,Weber State,33,8,25,.242,-12.14,-1.80,,4,14,,4,8,,3,15,,1882,2199,,1320,798,1874,.426,245,700,.350,358,468,.765,311,1153,457,265,123,443,495
346,West Virginia NCAA,33,25,8,.758,27.52,11.67,,12,6,,14,2,,6,5,,2431,1908,,1325,680,1708,.398,157,533,.295,391,551,.710,340,1132,361,227,95,779,612
347,Western Carolina,30,6,24,.200,-22.90,-7.38,,1,13,,4,12,,2,11,,1705,1992,,1200,716,1791,.400,188,588,.320,372,539,.690,412,1124,323,254,81,402,441
348,Western Illinois,30,18,12,.600,-9.34,-10.99,,9,9,,13,4,,5,7,,2230,1995,,1220,712,1836,.388,191,657,.291,380,556,.683,315,1076,370,262,69,469,637
349,Western Kentucky,32,15,17,.469,-1.37,-0.40,,6,10,,9,5,,4,9,,2060,2032,,1285,700,1755,.399,215,712,.302,417,582,.716,403,1263,425,238,90,631,526
350,Western Michigan,30,12,18,.400,-8.61,-4.54,,7,11,,7,7,,4,9,,1866,1971,,1205,716,1638,.437,165,544,.303,374,520,.719,338,1102,395,235,97,540,490
351,Wichita State,32,10,22,.313,-3.74,2.11,,5,13,,6,10,,2,10,,2049,2236,,1290,838,1964,.427,196,683,.287,364,561,.649,397,1287,489,247,114,524,587
352,William & Mary,29,15,14,.517,-4.06,-4.71,,11,6,,6,7,,8,6,,1833,1814,,1165,648,1697,.382,147,512,.287,371,516,.719,356,1144,311,240,82,534,490
353,Winthrop,30,14,16,.467,-19.34,-12.78,,8,8,,8,6,,5,8,,1703,1807,,1220,657,1634,.402,175,594,.295,318,458,.694,313,1033,342,239,66,560,501
354,Wisconsin,32,15,17,.469,6.95,12.11,,6,12,,9,8,,5,7,,2007,2172,,1279,780,1936,.403,227,663,.342,385,534,.721,387,1152,459,295,83,470,535
355,Wofford,30,17,13,.567,-4.50,-6.31,,8,6,,13,2,,3,10,,1999,1834,,1200,684,1813,.377,188,739,.254,278,422,.659,340,1186,365,158,82,447,480
356,Wright State,33,18,15,.545,-4.46,-1.85,,11,9,,11,5,,6,8,,2316,2336,,1340,865,1984,.436,188,566,.332,418,603,.693,367,1267,440,259,93,496,532
357,Wyoming,33,18,15,.545,5.22,2.56,,11,7,,12,5,,5,8,,2104,1973,,1324,737,1827,.403,177,567,.312,322,433,.744,270,1034,338,230,82,378,486
358,Xavier,28,1,27,.036,-13.59,8.34,,0,18,,1,12,,0,13,,1420,2034,,1125,744,1649,.451,202,594,.340,344,449,.766,363,1093,510,271,126,423,401
359,Yale,27,8,19,.296,-8.66,-0.95,,5,9,,5,8,,3,11,,1638,1846,,1085,670,1495,.448,131,410,.320,375,505,.743,277,927,336,189,79,385,452
360,Youngstown State,32,14,18,.438,-7.94,-4.29,,9,11,,9,7,,5,9,,1938,2005,,1280,714,1832,.390,190,659,.288,387,524,.739,354,1138,405,261,95,471,494


Provided by <a href="https://www.sports-reference.com/sharing.html?utm_source=direct&utm_medium=Share&utm_campaign=ShareTool">CBB at Sports Reference</a>: <a href="https://www.sports-reference.com/cbb/seasons/women/2024-opponent-stats.html?sr&utm_source=direct&utm_medium=Share&utm_campaign=ShareTool#basic_opp_stats">View Original Table</a><br>Generated 9/13/2024.